name,email,phone
Nye Maskall,nmaskall0@ox.ac.uk,2651544680
Gretta Tinsey,gtinsey1@naver.com,3975276292
Berton Waumsley,bwaumsley2@homestead.com,4324367062
Kristel Griffiths,kgriffiths3@parallels.com,9028209624
Danice Wattinham,dwattinham4@ft.com,3476175302
Carey Merck,cmerck5@simplemachines.org,1524028281
Isiahi Bartod,ibartod6@chron.com,7328080775
Johan Murkus,jmurkus7@histats.com,9443817027
Reeba Ohm,rohm8@bbc.co.uk,7238128157
Brit Weymouth,bweymouth9@hc360.com,8609059173
Frayda Sillito,fsillitoa@cafepress.com,6658390804
Ev Anwyl,eanwylb@shutterfly.com,8706987182
Hew Moakes,hmoakesc@google.com.hk,3826218039
Dorisa Batchelour,dbatchelourd@dion.ne.jp,5886409511
Mignonne Gaffey,mgaffeye@feedburner.com,9581864064
Chloris Metterick,cmetterickf@unc.edu,3259055299
Alistair Lorence,alorenceg@wiley.com,4481982984
Bronson Yesipov,byesipovh@ovh.net,9677680705
Lisa Goodliffe,lgoodliffei@washingtonpost.com,1135017291
Ange Tointon,atointonj@surveymonkey.com,9419247985
Ashil Vaggs,avaggsk@guardian.co.uk,7951897887
Simona McMeanma,smcmeanmal@woothemes.com,4961472046
Rosanne Ambrozik,rambrozikm@japanpost.jp,2786107061
Jeniffer Sedwick,jsedwickn@ezinearticles.com,5658686251
Smitty Kruszelnicki,skruszelnickio@zimbio.com,7903344178
Deeyn Reinert,dreinertp@chicagotribune.com,2121859841
Nate Angless,nanglessq@themeforest.net,1634790310
Sheff Sargerson,ssargersonr@unc.edu,9495592756
Jordain Cavilla,jcavillas@gravatar.com,7215666982
Don McEntee,dmcenteet@fda.gov,2656426627
Cecil Spinella,cspinellau@typepad.com,6169795276
Moise Coventry,mcoventryv@mtv.com,4521438397
Ollie Inkster,oinksterw@gmpg.org,5217840278
Edeline Pimlott,epimlottx@oaic.gov.au,3815222978
Pippa Chelsom,pchelsomy@geocities.com,2622736377
Herculie Guion,hguionz@ibm.com,4261674135
Elvira Lourenco,elourenco10@yellowpages.com,1373369583
Theodosia Shippam,tshippam11@reference.com,2419356447
Amaleta Cocker,acocker12@loc.gov,5241038595
Bruce Killcross,bkillcross13@businesswire.com,5303332631
Mallorie Cescotti,mcescotti14@nasa.gov,7277117514
Trstram Froment,tfroment15@gov.uk,6038459915
Stepha Eastcott,seastcott16@shareasale.com,7644063188
Willow Burt,wburt17@craigslist.org,6281722655
Ree Robertelli,rrobertelli18@home.pl,7596808629
Ivette Curzey,icurzey19@google.pl,6102504763
Benedicta Bramsen,bbramsen1a@time.com,7307185185
Tadd Dahl,tdahl1b@oaic.gov.au,7239708582
Roma Kuhlmey,rkuhlmey1c@smugmug.com,1374226807
Valeda Dalzell,vdalzell1d@ask.com,5306048980
Ardith Friese,afriese1e@mlb.com,4591573036
Garnette Pesik,gpesik1f@ow.ly,8318586755
Robert Poore,rpoore1g@cpanel.net,9966919350
Filmore Dockerty,fdockerty1h@about.com,3801224227
Mallorie Ibberson,mibberson1i@friendfeed.com,2964829294
Matthew Lille,mlille1j@themeforest.net,8125346131
Hodge Spanswick,hspanswick1k@hugedomains.com,8121896775
Cordelia Anthiftle,canthiftle1l@privacy.gov.au,3315034599
Kelsi Taudevin,ktaudevin1m@seesaa.net,8164695728
Eugenie McCritichie,emccritichie1n@flickr.com,3555981446
Gretel Sayer,gsayer1o@sohu.com,3194582305
Burl Cookes,bcookes1p@aboutads.info,3666877237
Jarrad Snuggs,jsnuggs1q@huffingtonpost.com,2516032617
Lind Berecloth,lberecloth1r@paypal.com,7889815961
Erika Tummons,etummons1s@whitehouse.gov,8205599750
Jolee Dutteridge,jdutteridge1t@printfriendly.com,2749725136
Ly Beedie,lbeedie1u@sciencedirect.com,6373563636
Brion Cleve,bcleve1v@arstechnica.com,4152759191
Zerk Mitchinson,zmitchinson1w@nifty.com,4896996086
Frankie Marquand,fmarquand1x@nature.com,3524129815
Ignacius Cosby,icosby1y@bravesites.com,6581307843
Rubie Ashwell,rashwell1z@msn.com,1787947433
Mandy Croxton,mcroxton20@xinhuanet.com,7407209719
Heinrik Records,hrecords21@mac.com,2357192324
Jennica Mantione,jmantione22@guardian.co.uk,9165631730
Anet Monte,amonte23@tamu.edu,8491046487
Haleigh Crowley,hcrowley24@wiley.com,5812292007
Amos Galland,agalland25@marriott.com,8531267607
Orlando Salla,osalla26@prnewswire.com,7521849452
Theodore Diplock,tdiplock27@addtoany.com,4439216632
Graham Cheesworth,gcheesworth28@parallels.com,5021308791
Dov Larkin,dlarkin29@tiny.cc,6744753498
Benyamin Elnough,belnough2a@youtube.com,8469996175
Elise Tunuy,etunuy2b@blog.com,4388418395
Calv Grafham,cgrafham2c@woothemes.com,4488310976
Nettle Dyke,ndyke2d@washingtonpost.com,3128805736
Amargo Ovise,aovise2e@smh.com.au,6253537940
Kaila Normadell,knormadell2f@drupal.org,3292897570
Althea Switsur,aswitsur2g@woothemes.com,5136474632
Allison Chantree,achantree2h@reddit.com,9361347171
Noe Scane,nscane2i@washington.edu,3156487196
Colas Jacombs,cjacombs2j@wikia.com,1557358340
Tibold Trivett,ttrivett2k@ask.com,5105343184
Keene Haselgrove,khaselgrove2l@state.gov,6821065217
Winthrop Neate,wneate2m@nifty.com,6351314487
Evelyn Setchfield,esetchfield2n@clickbank.net,6981465957
Linette Bedinham,lbedinham2o@devhub.com,9183927008
Flemming Mila,fmila2p@guardian.co.uk,9927446534
Heath Yanukhin,hyanukhin2q@printfriendly.com,1042047023
Myrtie Borkin,mborkin2r@mtv.com,9312665826
Hurley Benne,hbenne2s@google.de,8406890734
Shem Cusack,scusack2t@cocolog-nifty.com,5587457619
Bail Gaywood,bgaywood2u@miitbeian.gov.cn,8194742866
Kerry Besque,kbesque2v@posterous.com,5419567948
Shaughn Magowan,smagowan2w@e-recht24.de,9787998626
Melodee Deverock,mdeverock2x@theatlantic.com,5645153065
Rosalynd Lau,rlau2y@businessinsider.com,3215283174
Winni Hiorn,whiorn2z@ebay.com,6296546977
Joelle Murty,jmurty30@msu.edu,8559158370
Breanne Clutram,bclutram31@usatoday.com,5339860774
Hatti Warriner,hwarriner32@independent.co.uk,7801204488
Lock Vasey,lvasey33@home.pl,1922047751
Godart Prowting,gprowting34@loc.gov,5125691587
Willis Kearton,wkearton35@theglobeandmail.com,9111941901
Jessie Penzer,jpenzer36@hatena.ne.jp,9882137236
Rudolf Southby,rsouthby37@tamu.edu,3188932055
Marlena Tuff,mtuff38@walmart.com,7038213058
Erena Sartin,esartin39@yandex.ru,8707593427
Ricca Edmeads,redmeads3a@example.com,9181355048
Denyse Hopewell,dhopewell3b@is.gd,8521197854
Luelle Steinham,lsteinham3c@1und1.de,8856119236
Noelani Standall,nstandall3d@1688.com,4315350195
Eamon Pidcock,epidcock3e@a8.net,4637495300
Hakeem Dowson,hdowson3f@noaa.gov,3438318561
Junia Blasdale,jblasdale3g@hc360.com,6953442915
Guillema Buzine,gbuzine3h@illinois.edu,1078925585
Helenka Buckles,hbuckles3i@netlog.com,2957878941
Moyra Byrcher,mbyrcher3j@sina.com.cn,3977415369
Wyn Rojahn,wrojahn3k@prlog.org,9269559951
Harriet McCafferty,hmccafferty3l@java.com,8536033823
Birch Gooderick,bgooderick3m@prweb.com,5784853252
Elspeth Burds,eburds3n@earthlink.net,3866825021
Vassily Milnes,vmilnes3o@sphinn.com,1275694144
Candra Debold,cdebold3p@hp.com,9433016750
Larissa Verdie,lverdie3q@blog.com,5782583380
Heriberto Rowly,hrowly3r@wix.com,8481151317
Titos Blencowe,tblencowe3s@msn.com,2887846855
Tomi Pass,tpass3t@bloomberg.com,5532386005
Octavia Cavil,ocavil3u@mtv.com,2744476207
Brandise Trickett,btrickett3v@hugedomains.com,1086342344
Vonny Warrell,vwarrell3w@newyorker.com,3714852363
Ronnie Leyban,rleyban3x@sina.com.cn,8162904358
James Meardon,jmeardon3y@buzzfeed.com,3021366498
Teirtza Chaperling,tchaperling3z@biblegateway.com,8421780387
Dusty Doche,ddoche40@oracle.com,5449993253
Elsinore Spincke,espincke41@prlog.org,3778832002
Kat Finnes,kfinnes42@ask.com,2038770167
Sim Burden,sburden43@mashable.com,9894214608
Lydia Reason,lreason44@ocn.ne.jp,2768019842
Dietrich Bottomley,dbottomley45@digg.com,5837601745
Coletta Pendrid,cpendrid46@yellowbook.com,7252533611
Janessa Martinets,jmartinets47@linkedin.com,2477455797
Dirk Senior,dsenior48@wix.com,2358304695
Mel Cummine,mcummine49@netlog.com,3792191499
Gustie Boulde,gboulde4a@angelfire.com,4676086129
Vernon Merfin,vmerfin4b@g.co,3884736654
Esteban Gledhill,egledhill4c@constantcontact.com,9578964187
Shaine McLugaish,smclugaish4d@ucsd.edu,1059377887
Cam Brislan,cbrislan4e@prlog.org,1394694024
Micky Casham,mcasham4f@scribd.com,5546268279
Sabine Allardyce,sallardyce4g@diigo.com,6304459059
Cris Werndley,cwerndley4h@pinterest.com,5877867683
Neely Parnall,nparnall4i@youtu.be,6361153620
Katharina Nordass,knordass4j@weibo.com,1873205280
Yankee Bromhead,ybromhead4k@prweb.com,7486214657
Raoul Rey,rrey4l@biblegateway.com,1893628171
Orella Croysdale,ocroysdale4m@behance.net,5611027934
Berty Hogben,bhogben4n@squarespace.com,9131579981
Trixie Swadon,tswadon4o@photobucket.com,9222201700
Wynn Tewkesberry,wtewkesberry4p@theglobeandmail.com,1215836231
Alexandra Stonebanks,astonebanks4q@theguardian.com,7105239679
Garald Twamley,gtwamley4r@cloudflare.com,8289918378
Crin Pyrton,cpyrton4s@springer.com,5525450052
Gwenni Caurah,gcaurah4t@unicef.org,6215651829
Andee Brogioni,abrogioni4u@free.fr,4598616129
Val Hechlin,vhechlin4v@bbb.org,5075258776
Gearard Southan,gsouthan4w@bandcamp.com,7309530428
Elbert Wolsey,ewolsey4x@ucoz.com,3141370765
Orella Lund,olund4y@stanford.edu,4468878915
Geraldine Russam,grussam4z@cdbaby.com,4712690044
Beverly Maddison,bmaddison50@studiopress.com,4273863133
Barnabas Osmon,bosmon51@dropbox.com,6046117673
Rodolph Quince,rquince52@exblog.jp,5667436675
Lainey Coan,lcoan53@craigslist.org,5149751830
Tiebout MacPaik,tmacpaik54@opera.com,2125712785
Daryle Valentinuzzi,dvalentinuzzi55@theglobeandmail.com,7625282716
Piotr Waight,pwaight56@paginegialle.it,9696248873
Amara Seven,aseven57@blogger.com,3348157510
Myrtice Simnel,msimnel58@constantcontact.com,5611797108
Hedwiga MacClay,hmacclay59@chron.com,5246671997
Elise Puxley,epuxley5a@furl.net,3516904505
Leena Parmeter,lparmeter5b@sbwire.com,7793585440
Verile Bailess,vbailess5c@canalblog.com,3795835369
Kirbie McMonies,kmcmonies5d@globo.com,7197626701
Rose Korlat,rkorlat5e@google.it,1322423343
Christen Ingreda,cingreda5f@berkeley.edu,1403087728
Effie Middleditch,emiddleditch5g@paypal.com,1569026412
Kacie Robilart,krobilart5h@studiopress.com,7927186396
Natty Flewin,nflewin5i@washingtonpost.com,6131850883
Gregorius Guiel,gguiel5j@eepurl.com,3929474530
Bink Aldin,baldin5k@jiathis.com,3448375838
Mellicent Croyden,mcroyden5l@illinois.edu,5985190661
Correy McIlmorow,cmcilmorow5m@kickstarter.com,5869598622
Ellery Aspin,easpin5n@liveinternet.ru,1392357647
Stormie Wickham,swickham5o@w3.org,3795951944
Adolph MacEnelly,amacenelly5p@irs.gov,7001390108
Ogden Beddoe,obeddoe5q@timesonline.co.uk,1696204874
Glenn Zimmermanns,gzimmermanns5r@google.com,9064072954
Isabelita Dosdale,idosdale5s@ibm.com,2316457696
Bernita Baish,bbaish5t@youku.com,5601987041
Hynda Bartolomeo,hbartolomeo5u@nature.com,3555555395
Minne Mosby,mmosby5v@comcast.net,8003647234
Adolph Moody,amoody5w@example.com,8347627897
Juliette Kinnen,jkinnen5x@live.com,7197807393
Bernarr Coolican,bcoolican5y@instagram.com,5488726480
Addi Keefe,akeefe5z@tamu.edu,9121120675
Robbie Muddicliffe,rmuddicliffe60@sbwire.com,9356171777
Corabel Sandes,csandes61@example.com,4146193470
Greg Gurg,ggurg62@nytimes.com,8938798831
Sinclare Stoite,sstoite63@soup.io,5417243635
Mischa Carnie,mcarnie64@linkedin.com,7286163588
Licha Jostan,ljostan65@ifeng.com,1108140359
Micky Julien,mjulien66@geocities.jp,2548096391
Gleda Kettle,gkettle67@1und1.de,6548052841
Eziechiele Kidstoun,ekidstoun68@bloglines.com,4679762774
Rosalie Vials,rvials69@yahoo.com,8606407872
Minnnie Kolis,mkolis6a@cbc.ca,4134148389
Carson Godly,cgodly6b@marketwatch.com,5947077878
Cyb MacGilmartin,cmacgilmartin6c@phoca.cz,1734525063
Hadleigh Daveridge,hdaveridge6d@etsy.com,7239304754
Emmalyn Franzelini,efranzelini6e@techcrunch.com,3479112501
Quinn Huntall,qhuntall6f@comsenz.com,8292672276
Ally Nijssen,anijssen6g@berkeley.edu,1972019801
Lara Showell,lshowell6h@marketwatch.com,2758779380
Denny Baudesson,dbaudesson6i@cloudflare.com,7635159055
Bevon Fealty,bfealty6j@slashdot.org,7606104238
Mattheus Sanbroke,msanbroke6k@blogger.com,1845105565
Aluin Menco,amenco6l@delicious.com,6846635478
Karel Reye,kreye6m@accuweather.com,2833840370
Kizzie Pezey,kpezey6n@time.com,2688415893
Minna Knagges,mknagges6o@yahoo.com,3326495890
Patrick Laphorn,plaphorn6p@unc.edu,4214024316
Scarlett Slym,sslym6q@soundcloud.com,5954064047
Lolly Baelde,lbaelde6r@nyu.edu,4635740546
Nana Kesterton,nkesterton6s@intel.com,5997376693
Franz Geeraert,fgeeraert6t@buzzfeed.com,8797758564
Merwyn Strathern,mstrathern6u@ucsd.edu,1552758476
Dulcie Simonsen,dsimonsen6v@mac.com,3957889508
Jerald Merrien,jmerrien6w@artisteer.com,1104160785
Milo Hehl,mhehl6x@instagram.com,2717361096
Boycie Dumphy,bdumphy6y@opera.com,2137270225
Merrilee Joreau,mjoreau6z@dion.ne.jp,5042902159
Lemar Berrey,lberrey70@google.it,8112644235
Tate Isakovitch,tisakovitch71@engadget.com,4975215163
Padget Scrane,pscrane72@cocolog-nifty.com,1567670709
Donia Mateuszczyk,dmateuszczyk73@washington.edu,3338097044
Noach Geare,ngeare74@quantcast.com,3906972030
Corrie Miklem,cmiklem75@cnbc.com,6037973094
Pietro Merrill,pmerrill76@mac.com,2762243188
Giulietta Whitechurch,gwhitechurch77@discovery.com,5086349922
Janis Sonier,jsonier78@howstuffworks.com,8529359290
Doralynn Begg,dbegg79@cafepress.com,9556410714
Darelle Adelman,dadelman7a@wikipedia.org,9249116859
Codi Lowle,clowle7b@miibeian.gov.cn,4987848349
La verne Prawle,lverne7c@dell.com,3994406678
Benjy O'Luby,boluby7d@discuz.net,1228948434
Karin Blumire,kblumire7e@businesswire.com,2993299027
Jessica Barense,jbarense7f@cdc.gov,9466114968
Gar Hammerman,ghammerman7g@state.tx.us,3667352491
Marianne Brugmann,mbrugmann7h@noaa.gov,1889414919
Persis Ricciardi,pricciardi7i@businessweek.com,4407901920
Tyrone Chilver,tchilver7j@forbes.com,3065934140
Jeanna Faustin,jfaustin7k@flickr.com,9931231394
Dacy Tarborn,dtarborn7l@ezinearticles.com,5216685240
Frans Pasek,fpasek7m@hhs.gov,7704186740
Francesco Leppington,fleppington7n@berkeley.edu,7228878814
Kaitlynn Loder,kloder7o@bloomberg.com,5107857993
Indira Farran,ifarran7p@surveymonkey.com,8691506363
Igor Tallowin,itallowin7q@smh.com.au,8267584061
Yevette Batchelour,ybatchelour7r@squidoo.com,7021496194
Ulick Grime,ugrime7s@telegraph.co.uk,8985392429
Moore Leyfield,mleyfield7t@cocolog-nifty.com,8579798714
Lori Warin,lwarin7u@mapquest.com,1365197611
Phaidra Knibley,pknibley7v@shop-pro.jp,4602950415
Rab Fox,rfox7w@booking.com,5222923890
Paloma Satchel,psatchel7x@cargocollective.com,6358478711
Cristal Larchiere,clarchiere7y@fda.gov,4056899404
Helena Waterhouse,hwaterhouse7z@ocn.ne.jp,2745968100
Chen Comiskey,ccomiskey80@nba.com,6877462449
Emalia Shyre,eshyre81@slate.com,9636171652
Edgar Ormesher,eormesher82@meetup.com,1718827712
Ciro Furmenger,cfurmenger83@dion.ne.jp,6374036065
Reg Muncey,rmuncey84@g.co,8401212371
Pauline Fittes,pfittes85@ft.com,8067644842
Lamont Crole,lcrole86@xing.com,9016066006
Betteann Spensly,bspensly87@washingtonpost.com,4314968246
Keven Heinsh,kheinsh88@mozilla.org,6025809621
Virgil Karlolak,vkarlolak89@com.com,4231891308
Jodie Beat,jbeat8a@gnu.org,9689787251
Shaylah Revelle,srevelle8b@samsung.com,2905165809
Giffard Graver,ggraver8c@blinklist.com,3864536788
Sianna Drover,sdrover8d@blinklist.com,2504476211
Ezekiel Crozier,ecrozier8e@about.me,7324438047
Kenton Esgate,kesgate8f@foxnews.com,6494501863
Rickie Willeman,rwilleman8g@home.pl,1228374996
Boony Scrimshire,bscrimshire8h@nature.com,8236221091
Niels Vinten,nvinten8i@topsy.com,1199877371
Kameko MacTimpany,kmactimpany8j@imdb.com,4381244291
Peter Hambling,phambling8k@eepurl.com,8139955727
Jami Hedworth,jhedworth8l@un.org,2856876788
Jerrilee Petzold,jpetzold8m@usgs.gov,5503281289
Annmarie Gotliffe,agotliffe8n@sphinn.com,5839623117
Willis Piccop,wpiccop8o@zimbio.com,8829611169
Rosamond Maudling,rmaudling8p@google.cn,1781347999
Emmaline Fauning,efauning8q@craigslist.org,7068006227
Patric Hubeaux,phubeaux8r@digg.com,5492884807
Isa Aujouanet,iaujouanet8s@alibaba.com,7403612260
Micky Jenkyn,mjenkyn8t@tamu.edu,5593498617
Northrop Merriman,nmerriman8u@woothemes.com,5337225299
Mamie Wesgate,mwesgate8v@google.co.uk,4488559716
Karry Conlaund,kconlaund8w@blogspot.com,1326419808
Ellswerth Lankford,elankford8x@wikia.com,9949314627
Blake Blaby,bblaby8y@bigcartel.com,7211715193
Kelley Freyn,kfreyn8z@scientificamerican.com,7353133287
Callean Ankers,cankers90@foxnews.com,4399418766
Dix Clemson,dclemson91@google.co.jp,4216809031
Kane Baylie,kbaylie92@arizona.edu,6601053547
Ester Diwell,ediwell93@unesco.org,1249585327
Aarika Themann,athemann94@amazonaws.com,1342928938
Gertie Cherry Holme,gcherry95@purevolume.com,2145507757
Elna Seadon,eseadon96@yellowpages.com,3886682556
Rolando Maddyson,rmaddyson97@gov.uk,8386328666
Rosalie Moehle,rmoehle98@hostgator.com,4988412760
Gayle Samwayes,gsamwayes99@cam.ac.uk,6985052052
May Fanthom,mfanthom9a@timesonline.co.uk,6095821491
Alejandrina Rubenczyk,arubenczyk9b@salon.com,1039070962
Adele Gennings,agennings9c@state.gov,6191147653
Carley Poltun,cpoltun9d@sfgate.com,9917796972
Scottie Choat,schoat9e@list-manage.com,1106922118
Kora Ashurst,kashurst9f@columbia.edu,1268329431
Katrine Aldiss,kaldiss9g@blogs.com,4041487879
Wheeler Hebblewaite,whebblewaite9h@unc.edu,7272330803
Estel Clough,eclough9i@google.com.hk,1577944866
Eduard Hendrikse,ehendrikse9j@squarespace.com,7891678604
Fabian Bachnic,fbachnic9k@networkadvertising.org,9672548944
Paige Hugk,phugk9l@bizjournals.com,7132385124
Ki Barnish,kbarnish9m@bloglovin.com,8775517835
Noel Emanuelli,nemanuelli9n@apple.com,2018162211
Morris Mellody,mmellody9o@bravesites.com,8775855292
Bonnee Bearcroft,bbearcroft9p@yellowbook.com,3003211225
Sawyere Woofinden,swoofinden9q@goo.gl,6616567864
Corri Cranmor,ccranmor9r@pbs.org,9981143444
Kristofer Kitter,kkitter9s@friendfeed.com,6841668409
Hillie Strowlger,hstrowlger9t@ucla.edu,3937965379
Edith Aylmer,eaylmer9u@infoseek.co.jp,6358288299
Rog Aleksich,raleksich9v@51.la,2392963632
Adamo Rippingall,arippingall9w@purevolume.com,8869377756
Valencia McCullum,vmccullum9x@google.com.br,3009308271
Germaine Potbury,gpotbury9y@nydailynews.com,7289455174
Elva Blackeby,eblackeby9z@wired.com,5086535301
Raoul Dumphry,rdumphrya0@newyorker.com,3873548357
Lawrence Musgrove,lmusgrovea1@freewebs.com,4652998003
Budd Goolden,bgooldena2@livejournal.com,3689222893
Elmo O' Scallan,eoa3@redcross.org,8737048700
Marty Bramham,mbramhama4@time.com,8183095768
Scottie Gration,sgrationa5@cafepress.com,5115703813
Stephannie Corhard,scorharda6@alibaba.com,9075961120
Keefer Plett,kpletta7@google.com.au,4206636109
Spike Abels,sabelsa8@google.co.jp,1065207295
Karry McLaine,kmclainea9@unblog.fr,5506325314
Tobit Stockney,tstockneyaa@bloomberg.com,6983893804
Peg Happel,phappelab@sina.com.cn,9306076895
Blaire Savil,bsavilac@businessinsider.com,7326171268
Geordie Osler,goslerad@canalblog.com,9332353473
Daloris Bartosch,dbartoschae@businessweek.com,1786038398
Neile Hymus,nhymusaf@usa.gov,4374301625
Callida Tripett,ctripettag@homestead.com,2848593814
Gerladina Laidlow,glaidlowah@ask.com,1534560099
Elwood Philcott,ephilcottai@bloglovin.com,1525575408
Sela Lilburne,slilburneaj@t.co,2399644438
Mildred Taffrey,mtaffreyak@123-reg.co.uk,6856748376
Myrvyn Brumfield,mbrumfieldal@ibm.com,7534213950
Gloriane Camin,gcaminam@theatlantic.com,8003277651
Mellisa Danick,mdanickan@java.com,5944682746
Eolanda Parnham,eparnhamao@clickbank.net,2175979260
Wilie Goucher,wgoucherap@blinklist.com,5175903589
Chad Gannan,cgannanaq@photobucket.com,4608109936
Sholom Honeywood,shoneywoodar@dagondesign.com,7586900607
Christoffer Attwoull,cattwoullas@tripadvisor.com,7772717906
Rayshell Montrose,rmontroseat@twitter.com,5597977569
Dasha Potte,dpotteau@wsj.com,3841085089
Balduin Swanton,bswantonav@thetimes.co.uk,3437188213
Dorri Ciotti,dciottiaw@yellowbook.com,2423018099
Elysha Talloe,etalloeax@telegraph.co.uk,2613433230
Merrielle Shead,msheaday@pbs.org,3781335181
Brigitta Taillard,btaillardaz@storify.com,8866477820
Reggis Seyfart,rseyfartb0@soundcloud.com,6569849528
Michele Grane,mgraneb1@ustream.tv,8418093948
Gerri Beels,gbeelsb2@yandex.ru,6169914360
Anna-maria Digginson,adigginsonb3@europa.eu,5418242782
Mallory Kimble,mkimbleb4@mashable.com,6252392392
Mercy Mebs,mmebsb5@weebly.com,7817519360
Wyatt Bricksey,wbrickseyb6@lycos.com,4268333319
Whit Sollam,wsollamb7@ox.ac.uk,5753531316
Josi Coppen,jcoppenb8@dailymail.co.uk,6537180705
Marsiella Barrar,mbarrarb9@jalbum.net,1397048625
Blanca Killby,bkillbyba@answers.com,8801641160
Gennie Alben,galbenbb@apache.org,2131369086
Lucy Graeber,lgraeberbc@chicagotribune.com,7923790152
Rodolph Kalewe,rkalewebd@bizjournals.com,4808081946
Adara Russen,arussenbe@nationalgeographic.com,8083703946
Daven Marmion,dmarmionbf@prlog.org,9714684517
Saxe Karadzas,skaradzasbg@google.com.hk,3383766468
Boyce Maddams,bmaddamsbh@msu.edu,5257005551
Etan Hebdon,ehebdonbi@clickbank.net,5921611138
Terence Jiggens,tjiggensbj@nsw.gov.au,9003378333
Florance Gelderd,fgelderdbk@123-reg.co.uk,3203078012
Delcine Newling,dnewlingbl@twitter.com,9818484750
Wake Ravenhills,wravenhillsbm@whitehouse.gov,3279577670
Kirsti Sabbins,ksabbinsbn@loc.gov,4414937998
Nikki Frunks,nfrunksbo@ask.com,4269069121
Clair Fillery,cfillerybp@xing.com,1321834760
Ingemar Mayworth,imayworthbq@sun.com,9693857548
Angelo Onyon,aonyonbr@vk.com,2955963437
Marty Smeaton,msmeatonbs@slideshare.net,3252509054
Giacinta Peter,gpeterbt@businessinsider.com,2231173227
Barnabe Durnill,bdurnillbu@google.de,7008160884
Conn Bortolotti,cbortolottibv@merriam-webster.com,1518196800
Antoine Kurtis,akurtisbw@cargocollective.com,8242271772
Viva Yakunkin,vyakunkinbx@typepad.com,3988744591
Derward Syfax,dsyfaxby@fda.gov,3215044087
Vittoria Rowthorne,vrowthornebz@virginia.edu,2486404794
Shea Joul,sjoulc0@1und1.de,9876933810
Rubia Sharphurst,rsharphurstc1@accuweather.com,3147852437
Fredek Akaster,fakasterc2@youtu.be,5271947283
Catriona McTeggart,cmcteggartc3@aboutads.info,2279384963
Abrahan Nockles,anocklesc4@ebay.co.uk,3973707857
Domeniga Aulds,dauldsc5@google.com.hk,8368241236
Lanae Folomin,lfolominc6@dailymail.co.uk,7512281089
Karen Diprose,kdiprosec7@vinaora.com,6171659292
Aggy Stubbert,astubbertc8@biblegateway.com,3187406962
Asia Moysey,amoyseyc9@bloomberg.com,9969372485
Gizela Polglase,gpolglaseca@admin.ch,6443589575
Forster Penberthy,fpenberthycb@whitehouse.gov,7523908914
Huey Malim,hmalimcc@dedecms.com,5282314175
Bev Sabie,bsabiecd@sourceforge.net,3147557290
Gabbie O'Dyvoy,godyvoyce@quantcast.com,3163097408
Blinnie Gudgion,bgudgioncf@merriam-webster.com,4316459895
Bar Passman,bpassmancg@uiuc.edu,9783946894
Hildegaard Leyban,hleybanch@gnu.org,7531538138
Maxy Figures,mfiguresci@latimes.com,6849589492
Nickolaus Gouldthorpe,ngouldthorpecj@pcworld.com,8865663535
Clywd Kempe,ckempeck@ebay.com,2218030525
Esther Larrie,elarriecl@omniture.com,2571137324
Melinda Podd,mpoddcm@google.de,2838204414
Bethena Coldham,bcoldhamcn@techcrunch.com,6944060858
Orazio Durrance,odurranceco@goo.ne.jp,5005881188
Laina Wilkerson,lwilkersoncp@is.gd,1986008834
Cristi Carette,ccarettecq@japanpost.jp,6122552699
Davy Golden of Ireland,dgoldencr@unblog.fr,4086270883
Sindee Eddison,seddisoncs@msu.edu,2021516376
Edgar Scapelhorn,escapelhornct@e-recht24.de,9929088029
Far Figge,ffiggecu@wisc.edu,6224766791
Emmanuel Harrild,eharrildcv@webeden.co.uk,2519663839
Miquela Billington,mbillingtoncw@diigo.com,7147745003
Austine Morat,amoratcx@bbb.org,9165575568
Jemima Volleth,jvollethcy@comsenz.com,6241257961
Jobina Scotney,jscotneycz@fema.gov,9857460967
Nikolaos Natte,nnatted0@sfgate.com,7054767933
Killian Duignan,kduignand1@bizjournals.com,2903086634
Theobald Fairpool,tfairpoold2@netlog.com,3149713974
Tammie Pariss,tparissd3@unc.edu,3775447329
Benito Bartolomieu,bbartolomieud4@nasa.gov,3279272603
Roma Batty,rbattyd5@51.la,9179651176
Kris Curme,kcurmed6@dailymotion.com,4493892003
Mallory Sitford,msitfordd7@taobao.com,2369961456
Willow Broddle,wbroddled8@ox.ac.uk,3803409263
Mark Codner,mcodnerd9@themeforest.net,9401934571
Ardra Gubbin,agubbinda@npr.org,3186410205
Jacintha Dearnly,jdearnlydb@ehow.com,3261882190
Kore Hennington,khenningtondc@uiuc.edu,1849562654
Maxine Munkley,mmunkleydd@odnoklassniki.ru,1543555848
Daria Lauchlan,dlauchlande@japanpost.jp,9133751318
Gallard Glison,gglisondf@opera.com,6177329572
Kitty Hanmer,khanmerdg@marketwatch.com,1533071160
Janenna Buncher,jbuncherdh@ameblo.jp,4744339756
Maurie Twelve,mtwelvedi@pbs.org,7326878035
Kassandra Coldbathe,kcoldbathedj@jalbum.net,1253038840
Lark Batchellor,lbatchellordk@wikispaces.com,5237904563
Sherwynd Girdler,sgirdlerdl@jiathis.com,3936609681
Jillie Fleet,jfleetdm@chicagotribune.com,2207565164
Elwin Telfer,etelferdn@wired.com,3575153415
Franklyn Rayhill,frayhilldo@ca.gov,9202755544
Roselia Pendrigh,rpendrighdp@mail.ru,7721242612
Kerk Menezes,kmenezesdq@yellowbook.com,7259558637
Kerianne Thurby,kthurbydr@comsenz.com,5216700312
Estell Isitt,eisittds@instagram.com,2746507269
Olivier Larway,olarwaydt@jigsy.com,2292169471
Trix Humble,thumbledu@time.com,9022058154
Hollie Joanaud,hjoanauddv@example.com,3547731013
Powell Baxill,pbaxilldw@guardian.co.uk,3733212296
Lucius Deeny,ldeenydx@princeton.edu,3852039946
Alessandra Colloff,acolloffdy@bigcartel.com,7753780402
Goraud Bernocchi,gbernocchidz@rediff.com,1148713512
Lou McNellis,lmcnellise0@constantcontact.com,4872305502
Kelby Provost,kprovoste1@fda.gov,7242775804
Roselin Cottell,rcottelle2@msn.com,3927395756
Myer Nolda,mnoldae3@merriam-webster.com,4832140191
Erskine Zannini,ezanninie4@netscape.com,5832529308
Lexine Anfosso,lanfossoe5@usatoday.com,2765343933
Moishe Payfoot,mpayfoote6@bbc.co.uk,4544977166
Regan Louedey,rlouedeye7@com.com,9881946651
Huntley De Simone,hdee8@narod.ru,9527265231
Cristiano Scutcheon,cscutcheone9@hexun.com,1663478618
Gizela Devon,gdevonea@reuters.com,5087371092
Frederick Furze,ffurzeeb@sciencedirect.com,9868614610
Baily Zolini,bzoliniec@timesonline.co.uk,9524256207
Gabi Dmitrienko,gdmitrienkoed@com.com,1123790744
Quintin Danslow,qdanslowee@apache.org,3742610694
Natka Daborn,ndabornef@slideshare.net,2078453936
Dimitri MacDermand,dmacdermandeg@disqus.com,4857325145
Stirling Cuzen,scuzeneh@t-online.de,9969451961
Simona Hacard,shacardei@mapquest.com,2049517344
Edee McLice,emcliceej@telegraph.co.uk,3599906552
Elfrieda Brookzie,ebrookzieek@bloglovin.com,9006148372
Maxie Kull,mkullel@google.com.br,7698158937
Misty Fley,mfleyem@dailymail.co.uk,7569620090
Guillermo Tarney,gtarneyen@tripadvisor.com,3595737907
Ciel Couvet,ccouveteo@miitbeian.gov.cn,1908730844
Guthry Branton,gbrantonep@japanpost.jp,6263426416
Goddard Oury,gouryeq@amazon.co.uk,1562322700
Ester Sives,esiveser@i2i.jp,9387821559
Maureen Valentin,mvalentines@icq.com,5329451364
Marsha Sliman,mslimanet@123-reg.co.uk,9392081937
Alberik Carluccio,acarluccioeu@state.gov,6729566775
Adelind Gillaspy,agillaspyev@liveinternet.ru,3974235484
Marabel Frier,mfrierew@sbwire.com,5568480154
Francis Boater,fboaterex@sogou.com,6579226277
Merell Spaice,mspaiceey@surveymonkey.com,2339686828
Elsey Simak,esimakez@nhs.uk,3598045579
Stephannie Davidowsky,sdavidowskyf0@go.com,9158019728
Gail Andreou,gandreouf1@symantec.com,2127732521
Augy Chestnutt,achestnuttf2@lycos.com,3737159117
Guenevere Grennan,ggrennanf3@list-manage.com,3761519394
Nanon Scholfield,nscholfieldf4@wired.com,8993282410
Stephi Greber,sgreberf5@archive.org,1909604862
Lela Treeby,ltreebyf6@com.com,3784076721
Kirsteni Tavernor,ktavernorf7@wunderground.com,5622600144
Collete Slott,cslottf8@mozilla.org,3369102917
Linn Olenichev,lolenichevf9@soundcloud.com,8601969552
Garvy Penley,gpenleyfa@cnbc.com,9384983688
Windy Jurs,wjursfb@yahoo.co.jp,2801025260
Nicola Upham,nuphamfc@howstuffworks.com,2962041078
Corbie Farrar,cfarrarfd@ucsd.edu,7915752836
Paul Perigo,pperigofe@wikispaces.com,6404043362
Sigfrid Strick,sstrickff@sina.com.cn,4722831402
Frans Sudworth,fsudworthfg@artisteer.com,5377133885
Tisha Adaway,tadawayfh@tripod.com,6904765082
Elaina Gabrieli,egabrielifi@scientificamerican.com,7877757458
Catha MacIllrick,cmacillrickfj@china.com.cn,1021369242
Winslow Charle,wcharlefk@mail.ru,4011476708
Kelbee Teodoro,kteodorofl@toplist.cz,9514555624
Sabine Jaskowicz,sjaskowiczfm@privacy.gov.au,7059070818
Mira Piser,mpiserfn@edublogs.org,8322765585
Hyacinth Pesek,hpesekfo@senate.gov,5622993959
Gina Faint,gfaintfp@narod.ru,3935790609
Aeriela Haggis,ahaggisfq@wikimedia.org,2844992264
Jeri Garshore,jgarshorefr@nsw.gov.au,8694339951
Jayne Akester,jakesterfs@chron.com,8733225060
Howard Lorriman,hlorrimanft@microsoft.com,2094038412
Brockie McGlaughn,bmcglaughnfu@theglobeandmail.com,5779923952
Elbertine Hatherleigh,ehatherleighfv@seattletimes.com,9872209038
Beck Winspire,bwinspirefw@bloglines.com,1402728574
Theressa Viollet,tviolletfx@cnn.com,9065392319
Ailene Dudman,adudmanfy@whitehouse.gov,9613098505
Zebulon Climance,zclimancefz@cbslocal.com,7954180506
Ollie Rainford,orainfordg0@ovh.net,4872089117
Cam Michell,cmichellg1@cocolog-nifty.com,9981057180
Erma Sherwood,esherwoodg2@ask.com,6221376403
Bunni Sigge,bsiggeg3@odnoklassniki.ru,5451173481
Jordain Stonbridge,jstonbridgeg4@plala.or.jp,2196086428
Hayley Yerrington,hyerringtong5@ning.com,3345218493
Sammie Birkby,sbirkbyg6@mysql.com,7259681781
Anetta Dewen,adeweng7@smh.com.au,6504874482
Willy Milburn,wmilburng8@joomla.org,1837368068
Yelena Kalberer,ykalbererg9@webmd.com,5614687036
Carolyne Abeau,cabeauga@squidoo.com,3189419389
Kelcie Fearey,kfeareygb@toplist.cz,5738449170
Rozalin Martell,rmartellgc@creativecommons.org,6475889512
Pansie Jenkin,pjenkingd@redcross.org,1875760690
Terence Roake,troakege@live.com,5379488350
Janek Snibson,jsnibsongf@yahoo.com,9453877307
Kirby Antic,kanticgg@house.gov,7892036293
Gabriella Falkner,gfalknergh@wikia.com,4054295262
Herrick Dybald,hdybaldgi@wikia.com,6212523175
Andee Pedrozzi,apedrozzigj@twitpic.com,4862291182
Shoshana Gres,sgresgk@phoca.cz,9491372205
Billye Layus,blayusgl@is.gd,9081341423
Cindy Izac,cizacgm@virginia.edu,9416514283
Mace Marris,mmarrisgn@earthlink.net,1208481279
Joel Southgate,jsouthgatego@com.com,8037057732
Phillis Huetson,phuetsongp@dmoz.org,1802538249
Hymie Drivers,hdriversgq@weebly.com,4776172821
Hakeem D'Antuoni,hdantuonigr@dedecms.com,3538048887
Jacqui Djokovic,jdjokovicgs@networkadvertising.org,8958989167
Teodoor Seeborne,tseebornegt@cmu.edu,7699241002
Julieta East,jeastgu@t-online.de,1522256370
Alisha Smurthwaite,asmurthwaitegv@mozilla.org,2659420766
Brand Darragon,bdarragongw@xing.com,7114149013
Cecile Commander,ccommandergx@state.tx.us,1623104090
Ethelred Corcoran,ecorcorangy@github.io,3131604267
Philippe Von Der Empten,pvongz@cbsnews.com,9936719543
Ben McGowing,bmcgowingh0@ovh.net,1846471142
Elsbeth Collinson,ecollinsonh1@about.com,5839864206
Julian Acuna,jacunah2@studiopress.com,6895250229
Hastings Pudsall,hpudsallh3@liveinternet.ru,3491083525
Mab Belt,mbelth4@rakuten.co.jp,1226649993
Joleen Topping,jtoppingh5@joomla.org,2963764914
Anthiathia Stovin,astovinh6@tuttocitta.it,7428327448
Skip de Amaya,sdeh7@forbes.com,1406279357
Wilton Robberts,wrobbertsh8@printfriendly.com,3677004952
Ransom Bowgen,rbowgenh9@reference.com,1298739981
Cesar Garber,cgarberha@tripod.com,1279572856
Ronni Dawdry,rdawdryhb@unc.edu,7773228888
Sloane Crebo,screbohc@berkeley.edu,9874063285
Nadeen Knill,nknillhd@jimdo.com,8725820831
Cthrine Slessar,cslessarhe@businesswire.com,4498762133
Mikaela Pittwood,mpittwoodhf@kickstarter.com,6071873309
Florinda Hinchcliffe,fhinchcliffehg@china.com.cn,8044970433
Eve Tibols,etibolshh@blinklist.com,8974521273
Peri Galway,pgalwayhi@springer.com,5802799014
Dido Fatscher,dfatscherhj@hao123.com,3134062649
Ianthe Sarre,isarrehk@vkontakte.ru,6171693071
Haily Mawford,hmawfordhl@archive.org,4416769105
Buddy Brockest,bbrockesthm@rakuten.co.jp,4575568259
Yorker De Laci,ydehn@oakley.com,2348896915
Marcelline Benion,mbenionho@sina.com.cn,5771589811
Casi Parmby,cparmbyhp@answers.com,9298968577
Lindy Rapp,lrapphq@quantcast.com,4777120204
Bertina Lempenny,blempennyhr@state.gov,2135466140
Nadine Ondrousek,nondrousekhs@thetimes.co.uk,4553810192
Adrian Duncombe,aduncombeht@hhs.gov,1182664343
Claudia McCrae,cmccraehu@livejournal.com,8073965809
Brod Kubek,bkubekhv@vinaora.com,7262603046
Alli Pendergrast,apendergrasthw@springer.com,7279084019
Blondell Eadon,beadonhx@patch.com,8016743506
Barbette Bauer,bbauerhy@wiley.com,4841252828
Frederica Couthard,fcouthardhz@prlog.org,5679686704
Phaidra Wittrington,pwittringtoni0@indiatimes.com,7801202746
Hill Niemiec,hniemieci1@newyorker.com,8538952798
Ros Allbones,rallbonesi2@twitter.com,5628277455
Aaren McOrkill,amcorkilli3@ihg.com,3085305688
Marie-ann Romeo,mromeoi4@pen.io,3896537058
Kevyn Tiffin,ktiffini5@bandcamp.com,1054943925
Wolfie Dawtry,wdawtryi6@posterous.com,3258541992
Xenos Mostyn,xmostyni7@opera.com,8605514768
Riane Barten,rbarteni8@skype.com,3461389206
Florance Salaman,fsalamani9@rambler.ru,7917296360
Emeline Arrell,earrellia@hud.gov,7307774916
Karel Skipper,kskipperib@theatlantic.com,4334055294
Flossi Sinclar,fsinclaric@amazon.co.uk,2166931341
Wilt Hanway,whanwayid@bloomberg.com,3329952361
Doll Romand,dromandie@oracle.com,2086229076
Cleopatra Myrtle,cmyrtleif@alexa.com,9208709622
Emmet Presnall,epresnallig@last.fm,4715086488
Colleen Clemmen,cclemmenih@instagram.com,7198717417
Frederico Cockrell,fcockrellii@delicious.com,8033954135
Emmey Pendreigh,ependreighij@statcounter.com,3362316095
Meyer Guerrier,mguerrierik@salon.com,3378198512
Eduardo Crumbie,ecrumbieil@tiny.cc,5796397026
Moe MacSporran,mmacsporranim@aol.com,3673066701
Una Meron,umeronin@dot.gov,2296838000
Alex Spellicy,aspellicyio@4shared.com,2994998856
Travus Capstake,tcapstakeip@facebook.com,9697332116
Farris Matkin,fmatkiniq@cisco.com,5679881559
Tracie Ollie,tollieir@cbc.ca,1077062037
Ingaborg Offin,ioffinis@nps.gov,4648246361
Dorolice Grisenthwaite,dgrisenthwaiteit@google.pl,8864034149
Ana Childers,achildersiu@alibaba.com,7593373193
Birch Aspital,baspitaliv@prlog.org,9042024673
Wynn Boanas,wboanasiw@craigslist.org,9469302671
Jillane Josefsen,jjosefsenix@angelfire.com,8034694392
Alistair Phayre,aphayreiy@dot.gov,7195203244
Renata Leathem,rleathemiz@umn.edu,6128475990
Aubine Bradforth,abradforthj0@youku.com,8954967606
Chrissy Dohms,cdohmsj1@mail.ru,6787002617
Artemus Clemmett,aclemmettj2@rambler.ru,3089858276
West Hamshar,whamsharj3@about.me,7147337797
Eileen Prudham,eprudhamj4@sogou.com,4856510299
Terza Woolner,twoolnerj5@photobucket.com,2189293272
Dorolisa Musla,dmuslaj6@ucla.edu,5006192760
Lars Branch,lbranchj7@latimes.com,2567712202
Cozmo Kernes,ckernesj8@google.de,6092756879
Carlotta Luscombe,cluscombej9@blogs.com,9031950427
Jessamine Glasscoo,jglasscooja@twitter.com,3175553045
Janis Karmel,jkarmeljb@mapy.cz,5175719420
Israel Tilberry,itilberryjc@csmonitor.com,9631106838
Betteann Schuler,bschulerjd@unesco.org,6558720710
Faber Grishkov,fgrishkovje@e-recht24.de,6515172625
Delmer Laxston,dlaxstonjf@blog.com,1989249816
Kalli Burkett,kburkettjg@youtu.be,8269655027
Kora Bonner,kbonnerjh@rediff.com,4943974131
Pietra Lezemere,plezemereji@woothemes.com,9316113121
Selene Celiz,scelizjj@mail.ru,5523535168
Nita MacCoveney,nmaccoveneyjk@mashable.com,2114645438
Crissie Verissimo,cverissimojl@dyndns.org,2415141159
Pauline Whiteford,pwhitefordjm@wikispaces.com,3447521481
Joline Dwane,jdwanejn@princeton.edu,3003351766
Dario Shovel,dshoveljo@symantec.com,3013090210
Erda Fleisch,efleischjp@odnoklassniki.ru,9961768026
Kissee Vaggs,kvaggsjq@elegantthemes.com,8243590359
Netti Gentric,ngentricjr@booking.com,2896032692
Opalina Paffley,opaffleyjs@prweb.com,2692642495
Ezekiel Phillippo,ephillippojt@apache.org,4372973674
Rafe Hexter,rhexterju@360.cn,8968142628
Asher Waggatt,awaggattjv@digg.com,6925931881
Rodrique Riehm,rriehmjw@google.de,5495266164
Frederico Goldie,fgoldiejx@usnews.com,5754240959
Andria Hakes,ahakesjy@elpais.com,4606591043
Ki Gierok,kgierokjz@xing.com,7131614456
Ola Sorby,osorbyk0@reuters.com,2704566480
Bernelle Brailey,bbraileyk1@biblegateway.com,1478736197
Opaline Shillam,oshillamk2@wiley.com,5321905497
Odelia Rhymer,orhymerk3@goodreads.com,9337614190
Lemar Witsey,lwitseyk4@wired.com,8046974393
Vanya Ducker,vduckerk5@loc.gov,8865287191
Tedda Kaysor,tkaysork6@purevolume.com,1961048974
Jacynth Ayers,jayersk7@usa.gov,2158816240
Jeremias Noad,jnoadk8@timesonline.co.uk,8544515425
Rona Pollastrone,rpollastronek9@google.com.hk,4627447735
Lily Spatarul,lspatarulka@mac.com,9339453010
Lotte Pipkin,lpipkinkb@symantec.com,7336943775
Daryn Roderham,droderhamkc@wiley.com,3386385606
Lurlene Sagg,lsaggkd@t-online.de,8699226372
Meredeth Vedeneev,mvedeneevke@usda.gov,7862462015
Nefen Eglin,neglinkf@diigo.com,8871333300
Cheri Reglar,creglarkg@a8.net,1098341871
Henka Toupe,htoupekh@cmu.edu,2405549721
Costanza Husselbee,chusselbeeki@prweb.com,7235762964
Ansel Snartt,asnarttkj@spotify.com,4004917815
Ruthie Swaite,rswaitekk@friendfeed.com,6662605051
Alyss Kaine,akainekl@google.com.br,1731323144
Lorry O'Keenan,lokeenankm@domainmarket.com,7135852274
Bobbi Ballinghall,bballinghallkn@creativecommons.org,8446973865
Sheela Chaffen,schaffenko@dedecms.com,8071038432
Baudoin Blurton,bblurtonkp@soundcloud.com,1173354341
Jilly Ubank,jubankkq@ocn.ne.jp,9427385071
Philis Bonifazio,pbonifaziokr@issuu.com,9926265434
Duff Skeemor,dskeemorks@hibu.com,8915606450
Park Matejic,pmatejickt@dion.ne.jp,9157574408
Clyve Amiable,camiableku@umn.edu,8404139704
Melosa Farlham,mfarlhamkv@moonfruit.com,4547374359
Kipp Stitwell,kstitwellkw@newsvine.com,6143354716
Germain Caird,gcairdkx@msu.edu,5378003237
Darya Baish,dbaishky@livejournal.com,8304035280
Etti Dellit,edellitkz@nhs.uk,6915658592
Hamlen Dachs,hdachsl0@myspace.com,4759395932
Winna Wash,wwashl1@vk.com,8735998981
Daffy Keat,dkeatl2@xrea.com,1952431437
Kincaid Langman,klangmanl3@tinyurl.com,1046096058
Tracie Viger,tvigerl4@alexa.com,9167237605
Mar Metzig,mmetzigl5@mediafire.com,4607612149
Pierson Poynzer,ppoynzerl6@bigcartel.com,7679689438
Cindra Chappel,cchappell7@washingtonpost.com,2831397158
Suzette Andrieu,sandrieul8@newsvine.com,7998448439
Ardra Coult,acoultl9@dyndns.org,6513644205
Jeffry Gascoyen,jgascoyenla@webs.com,5431641936
Tami Sedgeworth,tsedgeworthlb@1688.com,9168940466
Hali Parres,hparreslc@webeden.co.uk,5207890628
Cacilie Arger,cargerld@omniture.com,9465042837
Abbot D'Aulby,adaulbyle@plala.or.jp,9848335746
Kristy Grishankov,kgrishankovlf@deliciousdays.com,8789664011
Benita Hartell,bhartelllg@whitehouse.gov,5494581007
Clive Bitchener,cbitchenerlh@prnewswire.com,8412041268
Jeff Dopson,jdopsonli@netvibes.com,9025562671
Jasen Raynham,jraynhamlj@dailymail.co.uk,2949816622
Daisey Riddett,driddettlk@twitter.com,7618061053
Andromache Print,aprintll@cisco.com,3086790526
Tammi Crumly,tcrumlylm@sun.com,6308192503
Galen Caruth,gcaruthln@rambler.ru,7861726591
Keith Raigatt,kraigattlo@army.mil,4382278683
Bridgette Lofting,bloftinglp@independent.co.uk,9057624431
Bendix Daton,bdatonlq@soup.io,9395229259
Tudor Pennaman,tpennamanlr@mashable.com,8795156885
Cristian Venner,cvennerls@goo.gl,4164694802
Shaine Colebourn,scolebournlt@cam.ac.uk,1653148146
Shalom Jahnel,sjahnellu@wikipedia.org,9614998511
Kylila Poveleye,kpoveleyelv@spotify.com,2527206500
Berty McKmurrie,bmckmurrielw@indiegogo.com,2182533484
Derk Jeaffreson,djeaffresonlx@google.com,2912300371
Halette Delicate,hdelicately@google.co.uk,3494515131
Ashton Pillans,apillanslz@g.co,4869170030
Wright Cutting,wcuttingm0@webmd.com,9419710974
Martelle Cotton,mcottonm1@wikispaces.com,9129848397
Zach Tarborn,ztarbornm2@homestead.com,9692322154
Wyatan Fripps,wfrippsm3@addthis.com,7665355881
Reynold Dominichetti,rdominichettim4@uiuc.edu,8824602461
Ivor Strelitz,istrelitzm5@google.ru,6639396549
Carver D'Oyly,cdoylym6@webmd.com,5095005111
Tish Bachelor,tbachelorm7@furl.net,1673039046
Jill McCoole,jmccoolem8@huffingtonpost.com,6326146791
Clea Brekonridge,cbrekonridgem9@biblegateway.com,3738882674
Kippie Leathard,kleathardma@auda.org.au,3362042155
Court Syphus,csyphusmb@creativecommons.org,8239851723
Anneliese Verney,averneymc@g.co,9856707772
Reinold Penk,rpenkmd@qq.com,7338526268
Minette Spykings,mspykingsme@istockphoto.com,2778961379
Ali Dymoke,adymokemf@amazon.co.jp,5217719241
Midge Eastop,meastopmg@cam.ac.uk,5599094883
Lelah Linn,llinnmh@wordpress.com,4954264192
Hynda De Filippi,hdemi@economist.com,9045702641
Conrade Chamberlen,cchamberlenmj@yellowbook.com,8383423263
Roseline Poe,rpoemk@house.gov,7347451209
Hana Vittore,hvittoreml@shutterfly.com,7873419895
Kylila Sherborn,ksherbornmm@phoca.cz,1807900710
Reid Waymont,rwaymontmn@stumbleupon.com,6921522675
Danita Bryde,dbrydemo@ycombinator.com,4541190866
Legra Botterill,lbotterillmp@topsy.com,3113507662
Balduin Busch,bbuschmq@businessinsider.com,5488539379
Rafaelita Povah,rpovahmr@chicagotribune.com,9589346899
Emmalee McKea,emckeams@utexas.edu,7167971732
Daveta Cowterd,dcowterdmt@ifeng.com,4139402748
Clywd Mullinger,cmullingermu@yale.edu,3174936824
Ruy Aronson,raronsonmv@epa.gov,9029657144
Teriann Vankin,tvankinmw@ifeng.com,3971385792
Marven Drissell,mdrissellmx@over-blog.com,1756047603
Corey Orritt,corrittmy@github.com,5385841292
Elissa Guite,eguitemz@istockphoto.com,6699114764
Evangeline Botting,ebottingn0@slideshare.net,8149457669
Madalyn Gittis,mgittisn1@w3.org,9597179003
Prisca Whettleton,pwhettletonn2@naver.com,2249797393
Brittan Kleanthous,bkleanthousn3@google.co.uk,6258345481
Michal Follos,mfollosn4@g.co,2295177260
Minny MacGuigan,mmacguigann5@dell.com,8438015746
Mendel Danshin,mdanshinn6@miibeian.gov.cn,2156241517
Emlynn Flintoff,eflintoffn7@alexa.com,1197330323
Alix Robilliard,arobilliardn8@aol.com,1342090531
Lauraine Langman,llangmann9@nps.gov,8771390220
Irina Summergill,isummergillna@purevolume.com,4882529600
Janey Medmore,jmedmorenb@networksolutions.com,9588236098
Starlin MacLese,smaclesenc@tinyurl.com,5459449793
Ros Cargen,rcargennd@usatoday.com,7765142727
Adelina Condict,acondictne@gnu.org,9482185359
Eadmund Lanchbery,elanchberynf@cmu.edu,4745171078
Shelbi Penman,spenmanng@xrea.com,8478006117
Melamie Cairney,mcairneynh@wsj.com,9846402792
Eugenie Gehrtz,egehrtzni@ow.ly,3191964294
Billye Norrie,bnorrienj@netlog.com,7205328067
Sara-ann Deignan,sdeignannk@wufoo.com,8173888222
Lilian Gillinghams,lgillinghamsnl@people.com.cn,8902295991
Orlan Earle,oearlenm@yale.edu,5397525247
Isadore Wintour,iwintournn@over-blog.com,7876493377
Karol Luter,kluterno@unblog.fr,5294968672
Chaunce Rockingham,crockinghamnp@house.gov,2947369976
Davey Sedman,dsedmannq@illinois.edu,6259326809
Pernell Yakobowitz,pyakobowitznr@squidoo.com,1752468288
Kayley Rawstorne,krawstornens@elpais.com,4443160632
Michaella Maffi,mmaffint@topsy.com,6917170533
Anton Denley,adenleynu@pen.io,5091178471
Shay Bluschke,sbluschkenv@nbcnews.com,5083433898
Garrott Whight,gwhightnw@feedburner.com,9005410887
Henrietta Hudless,hhudlessnx@jugem.jp,8939687591
Gradey Matejic,gmatejicny@cargocollective.com,2197326996
Alikee Handford,ahandfordnz@arstechnica.com,2206303672
Winfred Isakov,wisakovo0@exblog.jp,6007632921
Dorothy Kissick,dkissicko1@unicef.org,1008963684
Cathi Weine,cweineo2@ning.com,6366949087
Arden Stellin,astellino3@hibu.com,1222300575
Ashlie Ainscow,aainscowo4@tumblr.com,1985657223
Ring William,rwilliamo5@storify.com,2921735895
Ned Ravilious,nraviliouso6@senate.gov,7043502391
Sherrie Scourge,sscourgeo7@cbc.ca,2644336266
Lane Gisbey,lgisbeyo8@networksolutions.com,5967370232
Effie Sokell,esokello9@wikipedia.org,7204693382
Amandie Hasely,ahaselyoa@salon.com,8459295267
Thatch Jorin,tjorinob@engadget.com,9879656029
Helge Chittleburgh,hchittleburghoc@google.com,9848966740
Freda Grishmanov,fgrishmanovod@myspace.com,4444277126
Vin Malletratt,vmalletrattoe@cocolog-nifty.com,6926939148
Clarissa Purcell,cpurcellof@themeforest.net,7329320672
Patrizius Crotty,pcrottyog@ebay.com,8866664181
Shadow Herrieven,sherrievenoh@accuweather.com,2295682699
Corey Hamal,chamaloi@irs.gov,3399453955
Bay Janaud,bjanaudoj@studiopress.com,3948364461
Jacqueline Bridell,jbridellok@jiathis.com,6967807119
Parry Spellesy,pspellesyol@qq.com,4013682708
Cletis Fischer,cfischerom@dell.com,9561160912
Suzanne Ledwidge,sledwidgeon@paginegialle.it,9446320698
Brandtr Stork,bstorkoo@businessinsider.com,7475306504
Slade Duran,sduranop@ucla.edu,5488521438
Nolana Scarce,nscarceoq@cnn.com,1257082338
Chandra Simoncini,csimoncinior@guardian.co.uk,6361091479
Shannan Pennell,spennellos@is.gd,7746719174
Keene Di Francecshi,kdiot@alexa.com,6357152536
Cassandre Hemphall,chemphallou@amazon.co.uk,8714727671
Wolfie Finlaison,wfinlaisonov@myspace.com,3565661466
Crysta Whitchurch,cwhitchurchow@naver.com,6652815722
Cornell Sayton,csaytonox@webnode.com,6653550410
Symon Denekamp,sdenekampoy@artisteer.com,5029631596
Cristal Stickles,csticklesoz@delicious.com,7893734483
Bibby Paterson,bpatersonp0@tripadvisor.com,2604607907
Linette Lehmann,llehmannp1@domainmarket.com,4292406738
Sharla Maytum,smaytump2@businesswire.com,7874135981
Pearl Dorrington,pdorringtonp3@shinystat.com,1198337736
Dionis Nassie,dnassiep4@theguardian.com,9489408615
Shellysheldon Bakster,sbaksterp5@squarespace.com,1924806898
Vergil Parris,vparrisp6@freewebs.com,1389343691
Lon Hoodlass,lhoodlassp7@canalblog.com,8437693983
Di Boldra,dboldrap8@loc.gov,9742747789
Gertrud Sutcliffe,gsutcliffep9@ocn.ne.jp,2007761988
Hertha Danihelka,hdanihelkapa@prlog.org,8568675963
Carlynne Mitton,cmittonpb@nhs.uk,7182397035
Kippar Jewess,kjewesspc@wikimedia.org,9581850707
Sutton Clarabut,sclarabutpd@sina.com.cn,1507738551
Winn Heymann,wheymannpe@foxnews.com,8068672603
Row Borghese,rborghesepf@cafepress.com,2184302224
Rickert Shrieve,rshrievepg@tripod.com,7663274311
Gladys McKillop,gmckillopph@edublogs.org,9821059567
Dalston Burnyeat,dburnyeatpi@nih.gov,3273598065
Adel Henworth,ahenworthpj@oakley.com,2373061856
Duncan Parfitt,dparfittpk@ucla.edu,1043560867
Wynn Olliffe,wolliffepl@geocities.jp,5514612328
Delila Jagg,djaggpm@irs.gov,2886104460
Del MacSporran,dmacsporranpn@mozilla.com,2078071943
Randi Schober,rschoberpo@adobe.com,8836411363
Michele Lomasney,mlomasneypp@samsung.com,1439947752
Lura Staziker,lstazikerpq@pcworld.com,7939704491
Venita Lengthorn,vlengthornpr@wired.com,6668820564
Hardy Gyrgorcewicx,hgyrgorcewicxps@home.pl,4788810748
Lovell Matonin,lmatoninpt@de.vu,5917008383
Avrom Marval,amarvalpu@ifeng.com,5462859707
Yard Strute,ystrutepv@patch.com,2761220775
Dorrie Mullan,dmullanpw@google.fr,7363337348
Bambi Karpol,bkarpolpx@hatena.ne.jp,3518573535
Dirk Coston,dcostonpy@ycombinator.com,3899635923
Ginny Danis,gdanispz@answers.com,3801427631
Durante Castletine,dcastletineq0@ihg.com,9588826382
Joline Calderbank,jcalderbankq1@google.fr,7578743647
Sydney Fewings,sfewingsq2@arstechnica.com,7023346045
Theda Laughrey,tlaughreyq3@wordpress.com,7181716623
Daloris Brikner,dbriknerq4@ameblo.jp,1598424491
Morton Corris,mcorrisq5@globo.com,9933814466
Arnoldo Rosenblath,arosenblathq6@bing.com,8034073251
Marilyn Houseley,mhouseleyq7@nifty.com,1387569536
Gaspard Marchment,gmarchmentq8@ihg.com,7201950095
Griselda Calles,gcallesq9@nyu.edu,4347522062
Inessa Dakin,idakinqa@myspace.com,5705919546
Vyky Blennerhassett,vblennerhassettqb@homestead.com,4963049824
Shayna Gooly,sgoolyqc@mapquest.com,8117315839
Billy Bedberry,bbedberryqd@blogtalkradio.com,7397527546
Rebekkah Olding,roldingqe@smugmug.com,5874926991
Daphene Cartmael,dcartmaelqf@friendfeed.com,4025241073
Nichols Gouge,ngougeqg@google.nl,4261987476
Lyndy Spollen,lspollenqh@springer.com,7425442609
Lavina Pauncefoot,lpauncefootqi@archive.org,2756396023
Maia Brandsma,mbrandsmaqj@cmu.edu,1987187679
Noelyn Menichi,nmenichiqk@jigsy.com,2246840360
Wilhelmine Bohl,wbohlql@cdc.gov,5056537711
Pavla Benedito,pbeneditoqm@deviantart.com,3378213694
Chrysler Griffin,cgriffinqn@webnode.com,5075221588
Lambert Du Pre,lduqo@fda.gov,4238697269
Albina Fitter,afitterqp@liveinternet.ru,5806179339
Chickie Yushin,cyushinqq@jimdo.com,3672125103
Felipe Sabatini,fsabatiniqr@census.gov,6264462210
Blinny Josefs,bjosefsqs@whitehouse.gov,8755538692
Dale Smithson,dsmithsonqt@apple.com,2734940148
Lewie Dowley,ldowleyqu@thetimes.co.uk,3786828063
Jordain Konrad,jkonradqv@lulu.com,8317235674
Starr Hruska,shruskaqw@hibu.com,8743458917
Emilie Whitchurch,ewhitchurchqx@seesaa.net,4221024772
Chris Kubasiewicz,ckubasiewiczqy@gov.uk,4851506897
Winfred Eburah,weburahqz@cargocollective.com,5366957591
Jaquelyn Antognoni,jantognonir0@a8.net,4533417070
Calv Davidescu,cdavidescur1@tmall.com,4934358957
Lee MacComiskey,lmaccomiskeyr2@360.cn,3091097852
Gawen Landa,glandar3@free.fr,9236163364
Percy Kapiloff,pkapiloffr4@networkadvertising.org,8689494440
Lacie Chazier,lchazierr5@samsung.com,8193965714
Elvyn Kernaghan,ekernaghanr6@princeton.edu,1688708182
Zack Yannoni,zyannonir7@trellian.com,7782125943
Griz Raynes,graynesr8@disqus.com,8501950028
Bonni Fosken,bfoskenr9@sakura.ne.jp,9421567446
Leroi Harding,lhardingra@indiegogo.com,9347151461
Erek Scurlock,escurlockrb@amazonaws.com,3716841443
Newton Allden,nalldenrc@state.tx.us,4343882392
Stacey Oram,soramrd@amazon.com,8734923126
Alan Lerohan,alerohanre@ucla.edu,9017908720
Isadore Salzburger,isalzburgerrf@netscape.com,2651255789
Eula Cattellion,ecattellionrg@furl.net,8996879106
Roy Ralph,rralphrh@telegraph.co.uk,9287955441
Gustavus Pitsall,gpitsallri@cocolog-nifty.com,2997295655
Leif Worpole,lworpolerj@senate.gov,6361937586
Tabb Chomiszewski,tchomiszewskirk@acquirethisname.com,9325636410
Ema McBayne,emcbaynerl@hhs.gov,6664263422
Karyl Sturney,ksturneyrm@google.pl,3041773216
Joyan Kindell,jkindellrn@phoca.cz,8819442108
Amble Brameld,abrameldro@gravatar.com,2586147192
Barry Brymner,bbrymnerrp@nymag.com,9591108121
Melody Davison,mdavisonrq@technorati.com,3462956393
Neile Bolliver,nbolliverrr@zdnet.com,2548542943
